{"test_loss": 0.0007609626045450568, "test_accuracy": 0.9747241139411926, "macro_f1": 0.8711973764697476}
