{"test_loss": 0.0007545194239355624, "test_accuracy": 0.9563624858856201, "macro_f1": 0.8353688178989727}
