{"test_loss": 0.001103061018511653, "test_accuracy": 0.9456018805503845, "macro_f1": 0.7977725856690923}
